fusion_wave_source,rows,rate
nws,36557,0.3945283833369307
baltic,32896,0.3550183466436434
nora3,14448,0.15592488668249516
missing,8759,0.09452838333693071
