column,samples,ordinary_mean_deg,ordinary_std_deg,circular_mean_deg,circular_std_deg
sensor_123_avg,1574173,-6.922894037784708,21.915476726646926,352.9611011501569,19.377009354532447
sensor_124_avg,1574173,-0.41965785135327144,22.174497955947437,359.82733738319484,19.32757692733691
sensor_125_avg,1574173,0.40526922499200196,56.641875632422504,353.2782612896538,39.713058249048665
sensor_126_avg,1574173,1.1566238749595286,43.173775334489584,354.9038033599661,33.44536328914976
